小韻,字,漢音
1,東,トウ
2,同,トウ
3,中,チウ
4,蟲,チウ
5,終,シウ
6,忡,チウ
7,崇,スウ
8,嵩,シウ
9,戎,ジウ
10,弓,キウ
11,融,イウ
12,雄,イウ
13,瞢,ボウ
14,穹,キウ
15,窮,キウ
16,馮,フウ
17,風,フウ
18,豐,ホウ
19,充,シウ
20,隆,シウ
21,空,コウ
22,公,コウ
23,蒙,モウ
24,籠,ロウ
25,洪,コウ
26,叢,ソウ
27,翁,ヲウ
28,怱,ソウ
29,通,トウ
30,葼,ソウ
31,蓬,ホウ
32,烘,コウ
33,㟅,
34,檧,ソウ
35,冬,トウ
36,彤,トウ
37,賨,
38,農,ノウ
39,攻,コウ
40,䃔,
41,䃧,
42,宗,ソウ
43,鬆,ソウ
44,炵,トウ
45,鍾,ショウ
46,龍,リョウ
47,舂,ショウ
48,松,ショウ
49,𧘂,
50,容,ヨウ
51,封,ホウ
52,胷,キョウ
53,顒,ギョウ
54,邕,ヨウ
55,醲,ヂョウ
56,重,チョウ
57,從,ショウ
58,蹱,チョウ
59,逢,ホウ
60,峯,ホウ
61,縱,ショウ
62,茸,ジョウ
63,蛩,キョウ
64,鱅,ヨウ
65,恭,キョウ
66,蜙,ショウ
67,樅,ショウ
68,銎,キョウ
69,江,カウ
70,厖,バウ
71,𦗳,ナウ
72,囪,ソウ
73,邦,ハウ
74,栙,カウ
75,胮,ハウ
76,瀧,ラウ
77,雙,サウ
78,龐,ハウ
79,肛,カウ
80,胦,アウ
81,腔,カウ
82,幢,タウ
83,憃,タウ
84,樁,タウ
85,㟅,
86,淙,サウ
87,支,シ
88,移,イ
89,爲,ヰ
90,嬀,クヰ
91,𪎮,クヰ
92,逶,ヰ
93,糜,ビ
94,隓,キ
95,鬌,ツイ
96,𡍮,スイ
97,羸,ルイ
98,吹,スイ
99,鈹,ヒ
100,陂,ヒ
101,隨,ズイ
102,虧,クヰ
103,闚,クヰ
104,竒,キ
105,祇,キ
106,犧,キ
107,㩻,キ
108,宜,ギ
109,皮,ヒ
110,提,シ
111,兒,ジ
112,離,リ
113,疵,シ
114,貲,シ
115,羈,キ
116,卑,ヒ
117,陴,ヒ
118,䌳,シ
119,斯,シ
120,差,シ
121,摛,チ
122,彌,ビ
123,雌,シ
124,知,チ
125,漪,イ
126,馳,チ
127,眭,スイ
128,危,グヰ
129,詑,イ
130,釃,シ
131,䪎,
132,痿,ヰ
133,厜,シ
134,𩓸,
135,劑,セイ
136,衰,スイ
137,腄,
138,䮔,セイ
139,眵,シ
140,齜,
141,𤿎,ヒ
142,䔺,
143,齹,
144,脂,シ
145,姨,イ
146,師,シ
147,𣬈,ヒ
148,咨,シ
149,飢,キ
150,鴟,シ
151,絺,チ
152,郪,シ
153,茨,シ
154,尼,ヂ
155,墀,チ
156,私,シ
157,尸,シ
158,鬐,キ
159,伊,イ
160,棃,リ
161,葵,クヰ
162,追,ツイ
163,龜,クヰ
164,蕤,ズイ
165,衰,スイ
166,惟,ヰ
167,㶟,ルイ
168,綏,スイ
169,逵,クヰ
170,眉,ビ
171,悲,ヒ
172,錐,スイ
173,誰,スイ
174,帷,ヰ
175,邳,ヒ
176,丕,ヒ
177,倠,
178,鎚,ツイ
179,推,スイ
180,胝,チ
181,紕,ヒ
182,嶉,スイ
183,巋,クヰ
184,狋,ギ
185,咦,イ
186,之,シ
187,飴,イ
188,時,シ
189,疑,ギ
190,思,シ
191,輜,シ
192,其,キ
193,詩,シ
194,而,ジ
195,欺,キ
196,姬,キ
197,詞,シ
198,釐,リ
199,葘,シ
200,僖,キ
201,醫,イ
202,癡,チ
203,治,チ
204,蚩,シ
205,慈,シ
206,兹,シ
207,茬,シ
208,漦,シ
209,抾,キ
210,䀵,シ
211,微,ビ
212,揮,クヰ
213,幃,ヰ
214,霏,ヒ
215,猆,ヒ
216,肥,ヒ
217,威,ヰ
218,祈,キ
219,機,キ
220,希,キ
221,依,イ
222,沂,ギ
223,巍,グヰ
224,歸,クヰ
225,蘬,
226,魚,ギョ
227,初,ショ
228,書,ショ
229,居,キョ
230,渠,キョ
231,余,ヨ
232,胥,ショ
233,疽,ショ
234,鉏,ショ
235,攄,チョ
236,䟽,ショ
237,虚,キョ
238,徐,ショ
239,於,ヨ
240,豬,チョ
241,臚,リョ
242,諸,ショ
243,除,チョ
244,如,ジョ
245,且,ショ
246,虚,キョ
247,菹,ショ
248,蜍,ショ
249,袽,ヂョ
250,虞,グ
251,芻,ス
252,無,ブ
253,于,ウ
254,訏,ク
255,衢,ク
256,儒,ジュ
257,須,シュ
258,株,チュ
259,貙,チュ
260,殊,シュ
261,逾,ユ
262,區,ク
263,朱,シュ
264,趨,シュ
265,慺,ル
266,扶,フ
267,䅳,
268,㑳,
269,敷,フ
270,諏,シュ
271,跗,フ
272,紆,ウ
273,輸,シュ
274,樞,シュ
275,廚,チュ
276,拘,ク
277,毹,ス
278,模,ボ
279,酺,ホ
280,胡,コ
281,孤,コ
282,徒,ト
283,奴,ド
284,呼,コ
285,吾,ゴ
286,租,ソ
287,盧,ロ
288,蘇,ソ
289,徂,ソ
290,烏,ヲ
291,逋,ホ
292,枯,コ
293,麤,ソ
294,㻌,ト
295,都,ト
296,𥠵,ホ
297,齊,セイ
298,黎,レイ
299,妻,セイ
300,低,テイ
301,嗁,テイ
302,豍,ヘイ
303,雞,ケイ
304,奚,ケイ
305,鷖,エイ
306,倪,ゲイ
307,醯,ケイ
308,西,セイ
309,梯,テイ
310,鼙,ヘイ
311,磇,ヘイ
312,齎,セイ
313,迷,ベイ
314,泥,デイ
315,谿,ケイ
316,圭,クヱイ
317,睽,クヱイ
318,攜,ケイ
319,臡,
320,栘,
321,烓,ヱイ
322,睳,クヱイ
323,佳,カイ
324,㥟,カイ
325,牌,ハイ
326,媧,クヮイ
327,蛙,
328,咼,クヮイ
329,柴,サイ
330,釵,サイ
331,竵,
332,䍲,ダイ
333,崖,ガイ
334,娃,アイ
335,崽,サイ
336,㗨,カイ
337,扠,
338,䁲,バイ
339,鼃,クヮ
340,皆,カイ
341,𢰇,アイ
342,諧,カイ
343,排,ハイ
344,乖,クヮイ
345,懷,クヮイ
346,匯,クヮイ
347,豺,サイ
348,差,サイ
349,虺,クヮイ
350,尵,
351,埋,バイ
352,齋,サイ
353,崴,ワイ
354,𪘨,
355,唻,
356,揩,カイ
357,摨,ゲイ
358,崽,サイ
359,𩂢,ガイ
360,搋,
361,𢓬,
362,䐯,
363,膗,
364,灰,クヮイ
365,恢,クヮイ
366,隈,ワイ
367,回,クヮイ
368,枚,バイ
369,傀,クヮイ
370,雷,ライ
371,穨,タイ
372,崔,サイ
373,磓,タイ
374,𤗯,サイ
375,摧,サイ
376,裴,ハイ
377,桮,ハイ
378,肧,ハイ
379,鮠,グヮイ
380,𨌴,タイ
381,𢅼,ダイ
382,嗺,サイ
383,咍,カイ
384,開,カイ
385,哀,アイ
386,臺,タイ
387,該,カイ
388,裁,サイ
389,來,ライ
390,烖,サイ
391,猜,サイ
392,𤗏,ハイ
393,胎,タイ
394,孩,カイ
395,鰓,サイ
396,皚,ガイ
397,能,ダイ
398,𪒴,タイ
399,㹗,サイ
400,𡜊,ハイ
401,眞,シン
402,𤣆,チン
403,因,イン
404,新,シン
405,辰,シン
406,仁,ジン
407,神,シン
408,親,シン
409,礥,キン
410,申,シン
411,賔,ヒン
412,㷠,リン
413,𥎊,キン
414,珍,チン
415,陳,チン
416,津,シン
417,瞋,シン
418,秦,シン
419,寅,イン
420,紉,ヂン
421,繽,ヒン
422,頻,ヒン
423,銀,ギン
424,巾,キン
425,麏,クン
426,筠,ヰン
427,囷,クヰン
428,珉,ビン
429,貧,ヒン
430,𪔗,
431,贇,ヰン
432,彬,ヒン
433,民,ミン
434,諄,シュン
435,椿,シュン
436,䣩,シュン
437,荀,シュン
438,純,シュン
439,犉,ジュン
440,脣,シュン
441,淪,リン
442,屯,チュン
443,逡,シュン
444,遵,シュン
445,春,シュン
446,鷷,
447,勻,ヰン
448,旬,シュン
449,均,クヰン
450,𧼒,
451,砏,
452,臻,シン
453,莘,シン
454,𦿒,
455,文,ブン
456,雲,ウン
457,煴,ウン
458,汾,フン
459,分,フン
460,羣,クン
461,薰,クン
462,君,クン
463,芬,フン
464,欣,キン
465,殷,イン
466,勤,キン
467,斤,キン
468,䖐,ギン
469,元,グヱン
470,袁,ヱン
471,煩,ハン
472,飜,ハン
473,暄,クヱン
474,鴛,ヱン
475,言,ゲン
476,攑,
477,軒,ケン
478,𢳚,ケン
479,蔫,エン
480,蕃,ハン
481,𥴤,ケン
482,樠,バン
483,䰟,コン
484,昆,コン
485,𥁕,ヲン
486,門,モン
487,孫,ソン
488,尊,ソン
489,存,ソン
490,敦,トン
491,暾,トン
492,屯,トン
493,村,ソン
494,㑮,
495,盆,ホン
496,奔,ホン
497,論,ロン
498,坤,コン
499,昏,コン
500,濆,ホン
501,黁,ドン
502,痕,コン
503,根,コン
504,恩,オン
505,吞,トン
506,垠,
507,寒,カン
508,豻,ガン
509,單,タン
510,安,アン
511,難,ダン
512,餐,サン
513,灘,タン
514,𦙽,サン
515,壇,タン
516,殘,サン
517,干,カン
518,蘭,ラン
519,看,カン
520,頇,カン
521,濡,ダン
522,桓,クヮン
523,岏,グヮン
524,端,タン
525,剜,ワン
526,湍,タン
527,酸,サン
528,團,タン
529,櫕,サン
530,官,クヮン
531,鑾,ラン
532,歡,クヮン
533,寬,クヮン
534,鑚,サン
535,槃,ハン
536,瞞,バン
537,潘,ハン
538,𤳖,ハン
539,刪,サン
540,關,クヮン
541,彎,ワン
542,𣠯,
543,還,クヮン
544,班,ハン
545,蠻,バン
546,顏,ガン
547,姦,カン
548,攀,ハン
549,奻,
550,𤸷,
551,馯,カン
552,豻,カン
553,跧,
554,山,サン
555,鰥,クヮン
556,閒,カン
557,閑,カン
558,慳,カン
559,虥,サン
560,羴,セン
561,詽,ガン
562,黰,
563,斒,ハン
564,斕,
565,嘫,
566,㺗,
567,嬽,
568,窀,
569,𡰠,
570,𡰝,
571,譠,タン
572,𤣆,
573,湲,クヮン
574,虥,
575,先,セン
576,前,セン
577,千,セン
578,箋,セン
579,天,テン
580,堅,ケン
581,賢,ケン
582,煙,エン
583,蓮,レン
584,田,テン
585,秊,ネン
586,顚,テン
587,牽,ケン
588,姸,ゲン
589,眠,ベン
590,蹁,ヘン
591,淵,ヱン
592,涓,クヱン
593,鋗,クヱン
594,邊,ヘン
595,玄,クヱン
596,祆,ケン
597,𤜼,
598,仙,セン
599,錢,セン
600,遷,セン
601,煎,セン
602,然,ゼン
603,延,エン
604,𩜾,セン
605,甄,ケン
606,邅,テン
607,潺,セン
608,羶,セン
609,脠,
610,鋋,セン
611,纏,テン
612,嘕,
613,連,レン
614,篇,ヘン
615,便,ヘン
616,緜,ベン
617,全,ゼン
618,宣,セン
619,鐫,セン
620,翾,クヱン
621,堧,ゼン
622,穿,セン
623,沿,ヱン
624,旋,セン
625,娟,ヱン
626,船,セン
627,鞭,ヘン
628,㳄,
629,詮,セン
630,專,セン
631,遄,セン
632,貟,ヱン
633,恮,セン
634,栓,セン
635,猭,
636,乾,ケン
637,愆,ケン
638,權,クヱン
639,椽,テン
640,攣,レン
641,弮,
642,焉,エン
643,漹,
644,嬽,
645,燀,セン
646,𡰝,テン
647,勬,クヱン
648,蕭,セウ
649,祧,テウ
650,貂,テウ
651,迢,テウ
652,驍,ケウ
653,聊,レウ
654,堯,ゲウ
655,膮,
656,幺,エウ
657,鄡,ケウ
658,宵,セウ
659,超,テウ
660,朝,テウ
661,𪓙,テウ
662,嚻,ケウ
663,樵,セウ
664,驕,ケウ
665,焦,セウ
666,饒,ゼウ
667,燒,セウ
668,遙,エウ
669,韶,セウ
670,昭,セウ
671,飊,
672,鑣,ヘウ
673,瓢,ヘウ
674,蜱,ベウ
675,苗,ベウ
676,要,エウ
677,鴞,エウ
678,喬,ケウ
679,鍫,セウ
680,妖,エウ
681,蹻,ケウ
682,怊,セウ
683,爂,ヘウ
684,翹,ケウ
685,燎,レウ
686,趫,ケウ
687,肴,カウ
688,交,カウ
689,巢,サウ
690,鐃,ダウ
691,梢,サウ
692,茅,バウ
693,虓,カウ
694,包,ハウ
695,胞,ハウ
696,敲,カウ
697,聱,ガウ
698,𦗔,サウ
699,嘲,タウ
700,䜈,サウ
701,庖,ハウ
702,䫜,アウ
703,䫸,
704,顟,
705,䄻,タウ
706,豪,カウ
707,髙,カウ
708,勞,ラウ
709,蒿,カウ
710,毛,ボウ
711,饕,タウ
712,刀,タウ
713,騷,サウ
714,袍,ホウ
715,襃,ホウ
716,陶,タウ
717,糟,サウ
718,敖,ガウ
719,曹,サウ
720,𤏶,アウ
721,猱,ダウ
722,尻,カウ
723,操,サウ
724,㯱,
725,歌,カ
726,蹉,サ
727,多,タ
728,娑,サ
729,駝,タ
730,醝,
731,莪,ガ
732,佗,タ
733,羅,ラ
734,那,ダ
735,何,カ
736,訶,カ
737,珂,カ
738,阿,ア
739,戈,クヮ
740,遳,サ
741,𨹃,タ
742,莎,サ
743,婆,ハ
744,㸰,タ
745,摩,バ
746,矬,サ
747,訛,グヮ
748,詑,タ
749,𩼊,ラ
750,捼,ダ
751,波,ハ
752,頗,ハ
753,和,クヮ
754,科,クヮ
755,倭,ワ
756,鞾,クヮ
757,𦚢,
758,𩨷,
759,伽,カ
760,佉,キャ
761,迦,
762,脞,サ
763,侳,
764,瘸,
765,𦣛,
766,麻,バ
767,車,シャ
768,奢,シャ
769,邪,ヤ
770,遮,シャ
771,嗟,シャ
772,蛇,シャ
773,華,クヮ
774,瓜,クヮ
775,華,クヮ
776,誇,クヮ
777,拏,ダ
778,嘉,カ
779,遐,カ
780,葩,ハ
781,鴉,ア
782,巴,ハ
783,叉,サ
784,鯊,サ
785,牙,ガ
786,樝,サ
787,𡨀,
788,衺,シャ
789,闍,シャ
790,窊,ワ
791,髽,サ
792,檛,
793,爬,ハ
794,楂,サ
795,侘,タ
796,奓,タ
797,煆,カ
798,䶗,
799,㚗,
800,若,ジャ
801,些,シャ
802,爹,チャ
803,𣢉,グヮ
804,𣘟,
805,陽,ヤウ
806,詳,ヤウ
807,良,リャウ
808,香,キャウ
809,商,シャウ
810,房,ハウ
811,章,シャウ
812,昌,シャウ
813,羌,キャウ
814,薑,キャウ
815,長,チャウ
816,張,チャウ
817,穰,ジャウ
818,方,ハウ
819,襄,シャウ
820,將,シャウ
821,創,サウ
822,亡,バウ
823,孃,ヂャウ
824,牀,サウ
825,莊,サウ
826,常,シャウ
827,霜,サウ
828,牆,シャウ
829,鏘,シャウ
830,匡,クヰャウ
831,王,ワウ
832,央,ヤウ
833,強,キャウ
834,𦳝,タウ
835,芳,ハウ
836,狂,クヰャウ
837,唐,タウ
838,郎,ラウ
839,當,タウ
840,倉,サウ
841,岡,カウ
842,桑,サウ
843,康,カウ
844,荒,クヮウ
845,黃,クヮウ
846,光,クヮウ
847,湯,タウ
848,滂,ハウ
849,汪,ワウ
850,鴦,アウ
851,炕,カウ
852,航,カウ
853,茫,バウ
854,臧,サウ
855,囊,ダウ
856,傍,ハウ
857,卬,ガウ
858,藏,サウ
859,䯑,クヮウ
860,幫,ハウ
861,庚,カウ
862,阬,カウ
863,盲,バウ
864,橫,クヮウ
865,閍,ハウ
866,諻,
867,觵,クヮウ
868,彭,ハウ
869,脝,
870,瞠,タウ
871,鎗,サウ
872,傖,サウ
873,霙,エイ
874,磅,ハウ
875,平,ヘイ
876,驚,ケイ
877,明,メイ
878,棖,タウ
879,趟,タウ
880,榮,ヱイ
881,兵,ヘイ
882,兄,クヱイ
883,卿,ケイ
884,生,セイ
885,擎,ケイ
886,迎,ゲイ
887,行,カウ
888,鬤,ダウ
889,耕,カウ
890,鏗,カウ
891,甍,バウ
892,浜,ハウ
893,宏,クヮウ
894,莖,カウ
895,朾,
896,甖,アウ
897,崢,サウ
898,琤,サウ
899,儜,ダウ
900,怦,ハウ
901,轟,クヮウ
902,繃,ハウ
903,橙,タウ
904,泓,ワウ
905,輣,
906,娙,ガウ
907,爭,サウ
908,清,セイ
909,情,セイ
910,精,セイ
911,盈,エイ
912,營,エイ
913,嬰,エイ
914,貞,テイ
915,檉,テイ
916,成,セイ
917,呈,テイ
918,聲,セイ
919,征,セイ
920,輕,ケイ
921,名,メイ
922,跉,レイ
923,并,ヘイ
924,傾,ケイ
925,𩛿,
926,縈,エイ
927,瓊,ケイ
928,騂,セイ
929,頸,ケイ
930,𧵣,ケイ
931,靑,セイ
932,經,ケイ
933,㓝,ケイ
934,庭,テイ
935,丁,テイ
936,馨,ケイ
937,星,セイ
938,竮,
939,靈,レイ
940,寧,ネイ
941,汀,テイ
942,冥,メイ
943,瓶,ヘイ
944,熒,ケイ
945,扃,ケイ
946,蒸,ショウ
947,承,ショウ
948,澂,チョウ
949,陵,リョウ
950,膺,ヨウ
951,凭,ヒョウ
952,冫,ヒョウ
953,蠅,ヨウ
954,繩,ショウ
955,升,ショウ
956,仍,ジョウ
957,兢,キョウ
958,徵,チョウ
959,繒,ショウ
960,凝,ギョウ
961,興,キョウ
962,稱,ショウ
963,殑,
964,㱡,
965,硱,
966,僜,
967,磳,
968,砯,
969,登,トウ
970,楞,ロウ
971,僧,ソウ
972,崩,ホウ
973,增,ソウ
974,瞢,ボウ
975,層,ソウ
976,朋,ホウ
977,弘,コウ
978,肱,コウ
979,薨,コウ
980,能,ドウ
981,騰,トウ
982,恒,コウ
983,搄,コウ
984,鼟,
985,漰,
986,尤,イウ
987,憂,イウ
988,劉,リウ
989,秋,シウ
990,猷,イウ
991,牛,ギウ
992,遒,シウ
993,酋,シウ
994,脩,シウ
995,抽,チウ
996,恘,キウ
997,犫,シウ
998,周,シウ
999,讎,シウ
1000,柔,ジウ
1001,收,シウ
1002,丘,キウ
1003,䬌,フウ
1004,鳩,キウ
1005,不,フウ
1006,𢯱,
1007,搊,シウ
1008,鄒,スウ
1009,愁,シウ
1010,休,キウ
1011,囚,シウ
1012,儔,チウ
1013,輈,チウ
1014,𧚍,キウ
1015,浮,ホウ
1016,謀,ボウ
1017,侯,コウ
1018,謳,オウ
1019,羺,
1020,樓,ロウ
1021,涑,ソウ
1022,彄,コウ
1023,齁,コウ
1024,𣠏,ソウ
1025,偷,トウ
1026,頭,トウ
1027,齵,ゴウ
1028,鉤,コウ
1029,兠,トウ
1030,㔌,
1031,裒,ホウ
1032,䜅,ソウ
1033,呣,ボウ
1034,幽,イウ
1035,虯,キウ
1036,彪,ヒウ
1037,鏐,リウ
1038,樛,キウ
1039,淲,
1040,稵,
1041,犙,
1042,聱,
1043,飍,
1044,繆,ビウ
1045,侵,シム
1046,尋,シム
1047,林,リム
1048,琛,チム
1049,斟,
1050,沈,チム
1051,碪,チム
1052,諶,シム
1053,任,ジム
1054,深,シム
1055,淫,イム
1056,心,シム
1057,愔,
1058,祲,シム
1059,𩷒,シム
1060,䛘,ヂム
1061,琴,キム
1062,欽,キム
1063,吟,ギム
1064,歆,キム
1065,金,キム
1066,音,イム
1067,森,シム
1068,岑,シム
1069,旡,シム
1070,嵾,シム
1071,𧡪,シム
1072,覃,タム
1073,參,サム
1074,南,ダム
1075,諳,アム
1076,含,カム
1077,婪,ラム
1078,蠶,サム
1079,簪,サム
1080,探,タム
1081,耽,タム
1082,龕,カム
1083,㟏,
1084,毿,サム
1085,弇,カム
1086,䜙,ガム
1087,談,タム
1088,甘,カム
1089,擔,タム
1090,三,サム
1091,藍,ラム
1092,坩,カム
1093,舑,
1094,慙,サム
1095,酣,かむ
1096,姏,
1097,𩈻,サム
1098,蚶,カム
1099,鹽,エム
1100,廉,レム
1101,砭,ヘム
1102,銛,セム
1103,籤,セム
1104,詹,セム
1105,棎,セム
1106,苫,セム
1107,䪜,
1108,𩓾,ゼム
1109,黏,デム
1110,炎,エム
1111,霑,テム
1112,覘,テム
1113,淹,エム
1114,𢜩,
1115,𪙊,ゲム
1116,尖,セム
1117,潛,セム
1118,箝,ケム
1119,懕,エム
1120,燅,
1121,襳,
1122,㶣,
1123,鍼,シム
1124,添,テム
1125,𩬑,テム
1126,甜,テム
1127,鬑,
1128,謙,ケム
1129,兼,ケム
1130,嫌,ケム
1131,鮎,デム
1132,馦,
1133,咸,カム
1134,緘,カム
1135,攕,
1136,𤟟,
1137,嵒,
1138,㰹,カム
1139,詀,
1140,諵,ダム
1141,讒,サム
1142,鵮,
1143,銜,カム
1144,巉,サム
1145,巖,ガム
1146,攙,サム
1147,衫,サム
1148,監,カム
1149,𨂝,
1150,嵌,カム
1151,嚴,ゲム
1152,𩏩,
1153,醃,エム
1154,㪁,ケム
1155,凡,ハム
1156,䒦,ハム
1157,董,トウ
1158,蠓,モウ
1159,孔,コウ
1160,㪌,ソウ
1161,侗,トウ
1162,緫,ソウ
1163,澒,コウ
1164,蓊,ヲウ
1165,𨑊,
1166,琫,ホウ
1167,曨,ロウ
1168,嗊,コウ
1169,動,トウ
1170,菶,ホウ
1171,腫,ショウ
1172,寵,チョウ
1173,隴,リョウ
1174,擁,ヨウ
1175,宂,ジョウ
1176,重,チョウ
1177,冢,チョウ
1178,奉,ホウ
1179,捧,ホウ
1180,勇,ヨウ
1181,恐,キョウ
1182,尰,ヨウ
1183,拱,キョウ
1184,悚,ショウ
1185,洶,キョウ
1186,覂,ホウ
1187,湩,トウ
1188,𪁪,
1189,䅃,キョウ
1190,𨿿,
1191,𢃭,ショウ
1192,䙕,ショウ
1193,講,カウ
1194,㭋,ハウ
1195,慃,アウ
1196,𠈵,バウ
1197,項,カウ
1198,𦂌,ハウ
1199,傋,カウ
1200,紙,シ
1201,是,シ
1202,靡,ビ
1203,彼,ヒ
1204,被,ヒ
1205,毀,クヰ
1206,委,ヰ
1207,跪,クヰ
1208,詭,クヰ
1209,髓,スイ
1210,絫,ルイ
1211,技,キ
1212,倚,イ
1213,掎,キ
1214,綺,キ
1215,螘,ギ
1216,蔿,ヰ
1217,觜,セイ
1218,蘂,ヰ
1219,此,シ
1220,豸,チ
1221,徙,シ
1222,酏,イ
1223,邐,リ
1224,躧,シ
1225,𢔌,ヒ
1226,爾,ジ
1227,渳,ビ
1228,婢,ヒ
1229,侈,シ
1230,弛,シ
1231,紫,シ
1232,捶,スイ
1233,揣,スイ
1234,𤢍,ズイ
1235,舓,シ
1236,㧗,
1237,㱟,ヒ
1238,諀,ヒ
1239,䓈,
1240,惢,
1241,跬,クヰ
1242,狔,
1243,硊,グヰ
1244,跪,クヰ
1245,褫,チ
1246,㨖,チ
1247,𪖪,キ
1248,企,キ
1249,菙,スイ
1250,枳,キ
1251,旨,シ
1252,視,シ
1253,美,ビ
1254,鄙,ヒ
1255,兕,シ
1256,几,キ
1257,𡛷,シ
1258,匕,ヒ
1259,軌,クヰ
1260,洧,ヰ
1261,矢,シ
1262,雉,チ
1263,死,シ
1264,牝,ヒ
1265,履,リ
1266,水,スイ
1267,壘,ルイ
1268,揆,クヰ
1269,趡,スイ
1270,柅,ヂ
1271,癸,クヰ
1272,否,ヒ
1273,㠑,スイ
1274,嚭,ヒ
1275,蕊,ズイ
1276,唯,ヰ
1277,㰻,イ
1278,濢,スイ
1279,黹,チ
1280,𡳭,チ
1281,𧿲,シ
1282,䁤,
1283,䣀,クヰ
1284,跽,キ
1285,巋,クヰ
1286,止,シ
1287,市,シ
1288,徵,チ
1289,喜,キ
1290,紀,キ
1291,以,イ
1292,似,シ
1293,史,シ
1294,耳,ジ
1295,里,リ
1296,枲,シ
1297,始,シ
1298,歭,チ
1299,起,キ
1300,士,シ
1301,俟,シ
1302,子,シ
1303,矣,イ
1304,擬,ギ
1305,齒,シ
1306,恥,チ
1307,𠟴,シ
1308,滓,シ
1309,譩,イ
1310,伱,
1311,尾,ビ
1312,扆,イ
1313,豈,キ
1314,蟣,キ
1315,斐,ヒ
1316,匪,ヒ
1317,韙,ヰ
1318,鬼,クヰ
1319,虺,クヰ
1320,顗,ギ
1321,豨,キ
1322,磈,ヰ
1323,膹,ヒ
1324,語,ギョ
1325,吕,リョ
1326,佇,チョ
1327,與,ヨ
1328,䰞,ショ
1329,汝,ジョ
1330,暑,ショ
1331,杵,ショ
1332,貯,チョ
1333,諝,ショ
1334,楮,チョ
1335,女,ヂョ
1336,許,キョ
1337,巨,キョ
1338,所,ショ
1339,楚,ショ
1340,阻,ショ
1341,齟,ショ
1342,咀,ショ
1343,𢮁,ヨ
1344,舉,キョ
1345,敘,ショ
1346,去,キョ
1347,紓,ショ
1348,野,ショ
1349,𥅗,ショ
1350,苴,ショ
1351,麌,グ
1352,羽,ウ
1353,聚,シュ
1354,甫,フ
1355,武,ブ
1356,父,フ
1357,撫,フ
1358,柱,チュ
1359,詡,ク
1360,豎,シュ
1361,庾,ユ
1362,主,シュ
1363,傴,ウ
1364,齲,ク
1365,拄,チュ
1366,乳,ジュ
1367,窶,ク
1368,數,ス
1369,矩,ク
1370,取,シュ
1371,縷,ル
1372,𦄼,シュ
1373,䝒,
1374,姥,ボ
1375,土,ト
1376,杜,ト
1377,魯,ロ
1378,蔖,ソ
1379,覩,ト
1380,古,コ
1381,五,ゴ
1382,簿,ホ
1383,粗,ソ
1384,祖,ソ
1385,虎,コ
1386,隖,ヲ
1387,苦,コ
1388,怒,ド
1389,戸,コ
1390,普,ホ
1391,補,ホ
1392,薺,セイ
1393,禮,レイ
1394,體,テイ
1395,䫌,ヘイ
1396,濟,セイ
1397,邸,テイ
1398,弟,テイ
1399,禰,デイ
1400,洗,セイ
1401,泚,セイ
1402,啓,ケイ
1403,徯,ケイ
1404,米,ベイ
1405,陛,ヘイ
1406,𠯋,エイ
1407,堄,ゲイ
1408,㪏,ヘイ
1409,蟹,カイ
1410,買,バイ
1411,䒓,
1412,廌,
1413,嬭,ダイ
1414,罷,ハイ
1415,矮,アイ
1416,擺,ハイ
1417,解,カイ
1418,灑,サイ
1419,𠁥,クヮイ
1420,㧳,
1421,夥,クヮ
1422,扮,
1423,箉,
1424,駭,カイ
1425,楷,カイ
1426,騃,ガイ
1427,挨,アイ
1428,賄,クヮイ
1429,猥,ワイ
1430,磥,ライ
1431,錞,タイ
1432,辠,サイ
1433,浼,バイ
1434,骽,タイ
1435,瘣,クヮイ
1436,䫥,クヮイ
1437,𦞙,タイ
1438,餧,ダイ
1439,𩬳,
1440,頠,グヮイ
1441,皠,サイ
1442,琲,ハイ
1443,嶊,サイ
1444,倄,
1445,海,カイ
1446,愷,カイ
1447,宰,サイ
1448,駘,タイ
1449,乃,ダイ
1450,改,カイ
1451,亥,カイ
1452,啡,ハイ
1453,采,サイ
1454,茝,サイ
1455,等,タイ
1456,䆀,バイ
1457,在,サイ
1458,俖,ハイ
1459,欸,アイ
1460,佁,
1461,㘆,タイ
1462,疓,
1463,𨦂,ライ
1464,䑂,
1465,倍,ハイ
1466,軫,シン
1467,辴,チン
1468,腎,シン
1469,忍,ジン
1470,矤,シン
1471,嶙,リン
1472,紖,チン
1473,緊,キン
1474,盡,シン
1475,㯸,シン
1476,牝,ヒン
1477,釿,ギン
1478,笉,シン
1479,窘,クヰン
1480,引,イン
1481,愍,ビン
1482,泯,ミン
1483,殞,ヰン
1484,準,シュン
1485,尹,ヰン
1486,筍,シュン
1487,蝡,ジュン
1488,蠢,シュン
1489,盾,シュン
1490,偆,シュン
1491,耣,リン
1492,𣯍,ジュン
1493,𦃢,クヰン
1494,螼,
1495,賰,シュン
1496,脪,
1497,濜,
1498,屒,チン
1499,吻,ブン
1500,粉,フン
1501,憤,フン
1502,忿,フン
1503,惲,ウン
1504,齳,
1505,抎,ウン
1506,𧼐,
1507,隱,イン
1508,謹,キン
1509,𧤛,シン
1510,赾,
1511,近,キン
1512,齔,シン
1513,听,ギン
1514,䘆,キン
1515,阮,グヱン
1516,遠,ヱン
1517,偃,エン
1518,湕,ケン
1519,寋,ケン
1520,𧥛,
1521,𧥜,ゲン
1522,幰,ケン
1523,晚,バン
1524,反,ハン
1525,𧯦,クヱン
1526,婉,ヱン
1527,䅚,クヱン
1528,暅,クヱン
1529,飯,ハン
1530,混,コン
1531,翉,ホン
1532,忖,ソン
1533,本,ホン
1534,損,ソン
1535,𠟃,ソン
1536,穩,ヲン
1537,囤,トン
1538,鱒,ソン
1539,𩩌,コン
1540,畽,トン
1541,閫,コン
1542,㤻,ロン
1543,獖,ホン
1544,懣,モン
1545,㶧,ドン
1546,𦃕,コン
1547,很,コン
1548,墾,コン
1549,䫀,コン
1550,旱,カン
1551,亶,タン
1552,坦,タン
1553,散,サン
1554,但,タン
1555,瓉,サン
1556,笴,カン
1557,嬾,ラン
1558,侃,カン
1559,䍐,カン
1560,䰖,サン
1561,緩,クヮン
1562,短,タン
1563,椀,ワン
1564,疃,タン
1565,算,サン
1566,管,クヮン
1567,卵,ラン
1568,款,クヮン
1569,煗,ダン
1570,纂,サン
1571,伴,ハン
1572,滿,バン
1573,粄,ハン
1574,鄹,
1575,斷,タン
1576,攤,ダン
1577,坢,ハン
1578,潸,サン
1579,綰,ワン
1580,版,ハン
1581,䩆,
1582,赧,ダン
1583,僩,カン
1584,睆,クヮン
1585,阪,ハン
1586,矕,バン
1587,𪘪,
1588,𪗙,ガン
1589,㹽,サン
1590,眅,ハン
1591,撰,サン
1592,産,サン
1593,限,カン
1594,𥇅,ガン
1595,簡,カン
1596,剗,サン
1597,棧,サン
1598,眼,ガン
1599,醆,サン
1600,㦃,
1601,齦,カン
1602,銑,セン
1603,腆,テン
1604,典,テン
1605,蝘,エン
1606,殄,テン
1607,繭,ケン
1608,峴,ケン
1609,顯,ケン
1610,㨠,ベン
1611,撚,ネン
1612,編,ヘン
1613,泫,クヱン
1614,𡿨,クヱン
1615,辮,ヘン
1616,犬,クヱン
1617,𥧬,ケン
1618,齞,ゲン
1619,獮,セン
1620,演,エン
1621,踐,セン
1622,展,テン
1623,𦗢,セン
1624,趁,デン
1625,淺,セン
1626,闡,セン
1627,遣,ケン
1628,蹇,ケン
1629,善,セン
1630,翦,セン
1631,蹨,ゼン
1632,𦆀,
1633,輦,レン
1634,齴,ゲン
1635,件,ケン
1636,辯,ヘン
1637,緬,ベン
1638,褊,ヘン
1639,臇,セン
1640,雋,ゼン
1641,辡,ヘン
1642,兖,ヱン
1643,臠,レン
1644,轉,テン
1645,卷,クヱン
1646,圈,クヱン
1647,輭,ゼン
1648,舛,セン
1649,膞,セン
1650,篆,テン
1651,剸,セン
1652,選,セン
1653,撰,セン
1654,蜎,
1655,蠉,クヱン
1656,楩,ヘン
1657,免,ベン
1658,搌,
1659,鴘,ヘン
1660,㒄,セン
1661,㫃,エン
1662,邅,テン
1663,棧,セン
1664,篠,セウ
1665,皎,ケウ
1666,鳥,テウ
1667,了,レウ
1668,朓,テウ
1669,䥵,
1670,杳,エウ
1671,嬲,デウ
1672,皛,ケウ
1673,窕,テウ
1674,磽,ケウ
1675,湫,セウ
1676,小,セウ
1677,肇,テウ
1678,沼,セウ
1679,夭,エウ
1680,巐,テウ
1681,少,セウ
1682,擾,ゼウ
1683,摽,ヘウ
1684,𪍑,セウ
1685,縹,ヘウ
1686,眇,ベウ
1687,紹,セウ
1688,矯,ケウ
1689,表,ヘウ
1690,褾,
1691,藨,
1692,鷕,エウ
1693,悄,セウ
1694,𠞰,セウ
1695,𨲭,ケウ
1696,繚,レウ
1697,麃,ヘウ
1698,闄,エウ
1699,巧,カウ
1700,澩,カウ
1701,飽,ハウ
1702,㺒,ダウ
1703,卯,バウ
1704,絞,カウ
1705,爪,サウ
1706,拗,アウ
1707,鮑,ハウ
1708,齩,ガウ
1709,䰫,サウ
1710,煼,サウ
1711,䝤,タウ
1712,𢾐,サウ
1713,晧,カウ
1714,抱,ホウ
1715,老,ラウ
1716,討,タウ
1717,道,タウ
1718,堖,ダウ
1719,㛮,サウ
1720,倒,タウ
1721,草,サウ
1722,早,サウ
1723,皁,サウ
1724,暠,カウ
1725,好,カウ
1726,蓩,ボウ
1727,寶,ホウ
1728,襖,アウ
1729,考,カウ
1730,𦽀,ガウ
1731,哿,カ
1732,瑳,サ
1733,嚲,タ
1734,縒,サ
1735,爹,タ
1736,我,ガ
1737,袉,タ
1738,㰁,ラ
1739,橠,ダ
1740,荷,カ
1741,㰤,カ
1742,可,カ
1743,𨵌,ア
1744,左,サ
1745,果,クヮ
1746,埵,タ
1747,鎖,サ
1748,墮,タ
1749,妥,タ
1750,麼,バ
1751,坐,サ
1752,㛂,グヮ
1753,裸,ラ
1754,婐,ワ
1755,㛂,ダ
1756,跛,ハ
1757,叵,ハ
1758,禍,クヮ
1759,火,クヮ
1760,顆,クヮ
1761,爸,ハ
1762,脞,サ
1763,硰,サ
1764,馬,バ
1765,者,シャ
1766,野,ヤ
1767,雅,ガ
1768,檟,カ
1769,灑,サ
1770,啞,ア
1771,灺,シャ
1772,下,カ
1773,寫,シャ
1774,𡎬,
1775,乜,
1776,且,シャ
1777,㗿,カ
1778,社,シャ
1779,跒,
1780,跁,ハ
1781,捨,シャ
1782,姐,シャ
1783,把,ハ
1784,踝,クヮ
1785,寡,クヮ
1786,瓦,グヮ
1787,若,ジャ
1788,鮓,サ
1789,觰,タ
1790,槎,サ
1791,奲,シャ
1792,䋾,タ
1793,䋈,ダ
1794,髁,クヮ
1795,䂳,
1796,䊬,
1797,葰,
1798,奼,タ
1799,藞,
1800,養,ヤウ
1801,像,ヤウ
1802,㢡,シャウ
1803,㒳,リャウ
1804,鞅,ヤウ
1805,勥,キャウ
1806,仰,ギャウ
1807,磢,サウ
1808,想,シャウ
1809,掌,シャウ
1810,𤕤,サウ
1811,響,キャウ
1812,敞,シャウ
1813,繈,キャウ
1814,丈,チャウ
1815,昶,タウ
1816,獷,クヮウ
1817,壤,ジャウ
1818,賞,シャウ
1819,髣,ハウ
1820,网,バウ
1821,昉,ハウ
1822,枉,ワウ
1823,往,ワウ
1824,怳,クヮウ
1825,搶,シャウ
1826,長,チャウ
1827,上,シャウ
1828,俇,クヰャウ
1829,臩,クヮウ
1830,𩦠,ハウ
1831,䫪,サウ
1832,蕩,タウ
1833,顙,サウ
1834,廣,クヮウ
1835,榜,ハウ
1836,駔,サウ
1837,曩,ダウ
1838,沆,カウ
1839,曭,タウ
1840,莽,バウ
1841,黨,タウ
1842,朗,ラウ
1843,坱,アウ
1844,慷,カウ
1845,㳹,ワウ
1846,晃,クヮウ
1847,髈,ハウ
1848,慌,クヮウ
1849,䴚,カウ
1850,䭹,ガウ
1851,奘,サウ
1852,蒼,サウ
1853,汻,カウ
1854,懬,クヮウ
1855,梗,カウ
1856,丙,ヘイ
1857,警,ケイ
1858,影,エイ
1859,省,セイ
1860,永,ヱイ
1861,𦬺,クヱイ
1862,皿,メイ
1863,憬,ケイ
1864,杏,カウ
1865,猛,バウ
1866,礦,クヮウ
1867,浜,ハウ
1868,盯,タウ
1869,瑒,タウ
1870,䁝,
1871,打,
1872,冷,
1873,卝,クヮウ
1874,鮩,ハウ
1875,𥉁,
1876,檸,ダウ
1877,耿,カウ
1878,䁅,バウ
1879,幸,カウ
1880,𠊧,
1881,皏,ハウ
1882,靜,セイ
1883,整,セイ
1884,逞,テイ
1885,郢,エイ
1886,痙,ケイ
1887,潁,エイ
1888,領,レイ
1889,頸,ケイ
1890,餅,ヘイ
1891,頃,ケイ
1892,井,セイ
1893,廮,エイ
1894,請,セイ
1895,省,セイ
1896,眳,メイ
1897,徎,テイ
1898,迥,ケイ
1899,熲,ケイ
1900,茗,メイ
1901,頂,テイ
1902,挺,テイ
1903,珽,テイ
1904,汫,
1905,濙,ヱイ
1906,謦,ケイ
1907,𩕳,ネイ
1908,婞,ケイ
1909,醒,セイ
1910,鞞,ヘイ
1911,褧,ケイ
1912,剄,ケイ
1913,頩,
1914,巊,
1915,笭,レイ
1916,竝,ヘイ
1917,詗,ケイ
1918,䀴,
1919,拯,ショウ
1920,庱,
1921,殑,
1922,㱡,
1923,等,トウ
1924,倗,
1925,肯,コウ
1926,能,ドウ
1927,有,イウ
1928,柳,リウ
1929,狃,ヂウ
1930,丑,チウ
1931,肘,チウ
1932,朽,キウ
1933,久,キウ
1934,首,シウ
1935,醜,シウ
1936,湫,シウ
1937,婦,ホウ
1938,缶,フウ
1939,糗,キウ
1940,蹂,ジウ
1941,舅,キウ
1942,紂,チウ
1943,酉,イウ
1944,受,シウ
1945,滫,シウ
1946,䬀,イウ
1947,酒,シウ
1948,𣸈,
1949,帚,シウ
1950,㤱,フウ
1951,掫,スウ
1952,𥣙,シウ
1953,𩋄,シウ
1954,秠,フウ
1955,厚,コウ
1956,母,ボウ
1957,部,ホウ
1958,斗,トウ
1959,𪌜,トウ
1960,苟,コウ
1961,藕,ゴウ
1962,㨐,
1963,㝅,
1964,叜,ソウ
1965,吼,コウ
1966,剖,ホウ
1967,歐,オウ
1968,塿,ロウ
1969,走,ソウ
1970,口,コウ
1971,䕆,トウ
1972,鯫,ソウ
1973,趣,ソウ
1974,黝,イウ
1975,糾,キウ
1976,蟉,キウ
1977,寑,シム
1978,朕,チム
1979,坅,キム
1980,廩,リム
1981,罧,シム
1982,踸,チム
1983,䤐,シム
1984,荏,ジム
1985,枕,シム
1986,沈,シム
1987,葚,シム
1988,甚,シム
1989,瀋,シム
1990,墋,シム
1991,拰,ヂム
1992,噤,キム
1993,錦,キム
1994,蕈,シム
1995,僸,ギム
1996,㾕,シム
1997,稟,ヒム
1998,㱃,イム
1999,品,ヒム
2000,𩖄,キム
2001,廞,キム
2002,戡,チム
2003,潭,イム
2004,𩒣,シム
2005,感,カム
2006,禫,タム
2007,晻,アム
2008,腩,ダム
2009,襑,タム
2010,歜,サム
2011,慘,サム
2012,顉,ガム
2013,昝,サム
2014,糂,サム
2015,坎,カム
2016,頷,カム
2017,壈,ラム
2018,黕,タム
2019,䫲,
2020,敢,カム
2021,㶒,
2022,覽,ラム
2023,𦵹,
2024,膽,タム
2025,噉,タム
2026,黲,
2027,㛧,
2028,䭕,
2029,槧,サム
2030,喊,カム
2031,埯,
2032,𠪚,カム
2033,琰,エム
2034,斂,レム
2035,險,ケム
2036,貶,ヘム
2037,颭,セム
2038,𩑳,
2039,顩,ゲム
2040,儉,ケム
2041,檢,ケム
2042,黶,エム
2043,冉,ゼム
2044,陝,セム
2045,諂,テム
2046,奄,エム
2047,漸,セム
2048,憸,セム
2049,𩟗,セム
2050,脥,
2051,剡,セム
2052,忝,テム
2053,淰,デム
2054,點,テム
2055,簟,テム
2056,嗛,ケム
2057,稴,
2058,鼸,ケム
2059,憯,セム
2060,孂,ケム
2061,𡕢,
2062,儼,ゲム
2063,欦,ケム
2064,埯,エム
2065,豏,カム
2066,湛,タム
2067,㦿,
2068,鹼,カム
2069,瀺,サム
2070,臉,レム
2071,斬,サム
2072,䑎,
2073,闞,カム
2074,摻,
2075,黯,
2076,喊,カム
2077,𦊔,ダム
2078,𠐩,
2079,檻,カム
2080,䫡,カム
2081,㨻,サム
2082,黤,ヱム
2083,醶,サム
2084,㺖,
2085,巉,サム
2086,范,ハム
2087,錽,
2088,𦜒,
2089,凵,カム
2090,釩,ハム
2091,𠑆,
2092,送,ソウ
2093,鳳,フウ
2094,貢,コウ
2095,弄,ロウ
2096,涷,トウ
2097,控,コウ
2098,糉,ソウ
2099,瓮,ヲウ
2100,𧩪,ソウ
2101,洞,トウ
2102,痛,トウ
2103,仲,チウ
2104,諷,フウ
2105,焪,キウ
2106,㝱,ボウ
2107,𧽒,
2108,𢄐,モウ
2109,趥,
2110,賵,ホウ
2111,𣀒,ソウ
2112,中,チウ
2113,哄,コウ
2114,齈,
2115,衆,シウ
2116,銃,シウ
2117,㓽,スウ
2118,烘,コウ
2119,宋,ソウ
2120,綜,ソウ
2121,統,トウ
2122,雺,
2123,䃔,
2124,用,ヨウ
2125,頌,ショウ
2126,俸,ホウ
2127,共,キョウ
2128,葑,ホウ
2129,供,キョウ
2130,雍,ヨウ
2131,湩,チョウ
2132,縱,ショウ
2133,蹱,チョウ
2134,䩸,ジョウ
2135,種,ショウ
2136,重,チョウ
2137,贚,リョウ
2138,恐,キョウ
2139,從,ショウ
2140,𢫨,ヂョウ
2141,絳,カウ
2142,巷,カウ
2143,戇,タウ
2144,䡴,タウ
2145,𥈄,タウ
2146,漴,サウ
2147,肨,ハウ
2148,䎫,ソウ
2149,淙,サウ
2150,寘,シ
2151,避,ヒ
2152,惴,スイ
2153,詈,リ
2154,豉,シ
2155,積,シ
2156,賜,シ
2157,爲,ヰ
2158,䞈,クヰ
2159,帔,ヒ
2160,賁,ヒ
2161,髲,ヒ
2162,累,ルイ
2163,寄,キ
2164,臂,ヒ
2165,芰,キ
2166,刺,シ
2167,易,イ
2168,議,ギ
2169,譬,ヒ
2170,漬,シ
2171,智,チ
2172,倚,イ
2173,縋,ツイ
2174,吹,スイ
2175,戲,キ
2176,企,キ
2177,縊,イ
2178,翅,シ
2179,屣,シ
2180,觖,クヰ
2181,餧,ヰ
2182,僞,グヰ
2183,毁,クヰ
2184,恚,イ
2185,睡,スイ
2186,馶,キ
2187,䄲,ヰ
2188,卶,シ
2189,䅗,スイ
2190,娷,
2191,瓗,
2192,諉,
2193,瞡,
2194,𧙁,
2195,孈,キ
2196,㞆,キ
2197,至,シ
2198,位,ヰ
2199,郿,ビ
2200,遂,スイ
2201,醉,スイ
2202,邃,スイ
2203,類,ルイ
2204,祕,ヒ
2205,匱,クヰ
2206,濞,ヒ
2207,備,ヒ
2208,媿,クヰ
2209,帥,スイ
2210,喟,クヰ
2211,豷,
2212,嗜,シ
2213,利,リ
2214,膩,ヂ
2215,屁,ヒ
2216,劓,ギ
2217,致,チ
2218,棄,キ
2219,緻,チ
2220,寐,ビ
2221,杘,チ
2222,冀,キ
2223,臮,キ
2224,悸,クヰ
2225,翠,スイ
2226,二,ジ
2227,恣,シ
2228,次,シ
2229,懿,イ
2230,四,シ
2231,器,キ
2232,季,クヰ
2233,鼻,ヒ
2234,䁤,
2235,痹,ヒ
2236,萃,スイ
2237,地,チ
2238,齂,
2239,肄,イ
2240,示,シ
2241,自,シ
2242,墜,ツイ
2243,出,スイ
2244,遺,ヰ
2245,侐,
2246,轛,ツイ
2247,痓,シ
2248,屍,シ
2249,㿷,
2250,㽷,スイ
2251,志,シ
2252,值,チ
2253,寺,シ
2254,蛓,
2255,笥,シ
2256,試,シ
2257,胾,シ
2258,吏,リ
2259,字,シ
2260,眙,チ
2261,餌,ジ
2262,𩢲,シ
2263,廁,シ
2264,異,イ
2265,置,チ
2266,侍,シ
2267,事,シ
2268,忌,キ
2269,熾,シ
2270,意,イ
2271,記,キ
2272,憙,キ
2273,䰯,ギ
2274,亟,キ
2275,未,ビ
2276,貴,クヰ
2277,胃,ヰ
2278,魏,グヰ
2279,沸,ヒ
2280,費,ヒ
2281,𥽂,
2282,尉,ヰ
2283,諱,クヰ
2284,𥝋,ヒ
2285,旣,キ
2286,毅,ギ
2287,氣,キ
2288,欷,キ
2289,䤒,キ
2290,衣,イ
2291,御,ギョ
2292,慮,リョ
2293,據,キョ
2294,覰,ショ
2295,㰦,キョ
2296,署,ショ
2297,恕,ショ
2298,著,チョ
2299,䬡,ショ
2300,䟽,ショ
2301,飫,ヨ
2302,箸,チョ
2303,遽,キョ
2304,絮,ショ
2305,助,ショ
2306,怚,ショ
2307,詛,ショ
2308,洳,ジョ
2309,豫,ヨ
2310,噓,キョ
2311,女,ヂョ
2312,楚,ショ
2313,處,ショ
2314,絮,チョ
2315,𡲁,ショ
2316,遇,グ
2317,嫗,ウ
2318,樹,シュ
2319,住,チュ
2320,附,フ
2321,注,シュ
2322,屨,ク
2323,昫,ク
2324,戍,シュ
2325,裕,ユ
2326,孺,ジュ
2327,赴,フ
2328,務,ブ
2329,緅,シュ
2330,懼,ク
2331,芋,ウ
2332,埾,シュ
2333,捒,ス
2334,付,フ
2335,娶,シュ
2336,註,チュ
2337,驅,ク
2338,菆,ス
2339,䦌,チュ
2340,尠,シュ
2341,屢,ル
2342,暮,ボ
2343,渡,ト
2344,路,ロ
2345,妒,ト
2346,菟,ト
2347,顧,コ
2348,誤,ゴ
2349,護,コ
2350,訴,ソ
2351,祚,ソ
2352,笯,ド
2353,布,ホ
2354,汙,ヲ
2355,怖,ホ
2356,厝,ソ
2357,絝,コ
2358,捕,ホ
2359,謼,コ
2360,作,ソ
2361,霽,セイ
2362,帝,テイ
2363,嚌,セイ
2364,替,テイ
2365,第,テイ
2366,砌,セイ
2367,細,セイ
2368,詣,ゲイ
2369,計,ケイ
2370,蒵,ケイ
2371,契,ケイ
2372,翳,エイ
2373,謎,ベイ
2374,閉,ヘイ
2375,慧,ケイ
2376,桂,クヱイ
2377,嘒,クヱイ
2378,媲,ヘイ
2379,薜,ヘイ
2380,麗,レイ
2381,𥱻,
2382,泥,デイ
2383,㰥,ケイ
2384,祭,セイ
2385,歲,セイ
2386,衞,ヱイ
2387,芮,ゼイ
2388,贅,セイ
2389,𠻜,
2390,毳,セイ
2391,銳,ヱイ
2392,綴,テイ
2393,稅,セイ
2394,獘,ヘイ
2395,㯔,
2396,篲,セイ
2397,蔽,ヘイ
2398,劌,ケイ
2399,袂,ベイ
2400,㡜,
2401,掣,セイ
2402,制,セイ
2403,逝,セイ
2404,曵,エイ
2405,䋵,
2406,藝,ゲイ
2407,滯,テイ
2408,例,レイ
2409,憩,ケイ
2410,丗,セイ
2411,猘,セイ
2412,㿃,
2413,偈,ケイ
2414,啜,
2415,跇,
2416,𨮱,
2417,㓷,ゲイ
2418,蕝,
2419,潎,
2420,𥏙,
2421,䂕,クヮイ
2422,泰,タイ
2423,蓋,カイ
2424,艾,ガイ
2425,藹,アイ
2426,柰,ダイ
2427,大,タイ
2428,害,カイ
2429,帶,タイ
2430,貝,ハイ
2431,霈,ハイ
2432,會,クヮイ
2433,兊,タイ
2434,儈,クヮイ
2435,最,サイ
2436,𧬨,
2437,𥢶,
2438,酹,ライ
2439,外,グヮイ
2440,祋,
2441,懀,
2442,蕞,サイ
2443,𥕸,
2444,襊,
2445,旆,ハイ
2446,磕,カイ
2447,蔡,サイ
2448,賴,ライ
2449,餀,
2450,娧,タイ
2451,昧,バイ
2452,𦦣,
2453,卦,クヮイ
2454,懈,カイ
2455,隘,アイ
2456,邂,カイ
2457,賣,バイ
2458,畫,クヮ
2459,差,サイ
2460,睚,ガイ
2461,謑,カイ
2462,庍,ハイ
2463,粺,ハイ
2464,㾹,サイ
2465,派,ハイ
2466,債,サイ
2467,𡢖,
2468,曬,サイ
2469,諣,
2470,㠔,ハイ
2471,膪,
2472,怪,クヮイ
2473,噫,アイ
2474,瘵,サイ
2475,誡,カイ
2476,褹,ゲイ
2477,譮,
2478,械,カイ
2479,𦗐,ガイ
2480,蒯,クヮイ
2481,𢷎,
2482,湃,
2483,壞,クヮイ
2484,聵,グヮイ
2485,𢟡,ハイ
2486,䀛,バイ
2487,𧱳,クヮイ
2488,鎩,サイ
2489,烗,カイ
2490,顡,
2491,夬,クヮイ
2492,快,クヮイ
2493,邁,バイ
2494,話,クヮイ
2495,敗,ハイ
2496,䵳,
2497,嘬,
2498,犗,
2499,蠆,
2500,喝,アイ
2501,𠱡,
2502,𦤧,
2503,䜕,
2504,咶,
2505,敗,ハイ
2506,啐,サイ
2507,寨,サイ
2508,㕢,
2509,隊,タイ
2510,佩,ハイ
2511,妹,バイ
2512,配,ハイ
2513,誨,クヮイ
2514,對,タイ
2515,倅,サイ
2516,晬,サイ
2517,𩲄,ワイ
2518,退,タイ
2519,憒,クヮイ
2520,潰,クヮイ
2521,塊,クヮイ
2522,碎,サイ
2523,内,ダイ
2524,纇,ライ
2525,背,ハイ
2526,磑,グヮイ
2527,蚚,クヮイ
2528,代,タイ
2529,載,サイ
2530,䆀,バイ
2531,賽,サイ
2532,貸,タイ
2533,漑,カイ
2534,慨,カイ
2535,礙,ガイ
2536,愛,アイ
2537,瀣,カイ
2538,耐,ダイ
2539,戴,タイ
2540,賚,ライ
2541,菜,サイ
2542,載,サイ
2543,儗,カイ
2544,廢,ハイ
2545,肺,ハイ
2546,穢,ワイ
2547,吠,ハイ
2548,喙,クヮイ
2549,𤜂,
2550,刈,ガイ
2551,震,シン
2552,信,シン
2553,刃,ジン
2554,𦙍,イン
2555,遴,リン
2556,儐,ヒン
2557,敶,チン
2558,愼,シン
2559,眒,シン
2560,菣,
2561,賮,シン
2562,憗,ギン
2563,晉,シン
2564,衅,キン
2565,鎭,チン
2566,僅,キン
2567,櫬,シン
2568,印,イン
2569,疢,チン
2570,𣎵,ヒン
2571,親,シン
2572,螼,
2573,呁,クヰン
2574,稕,シュン
2575,𡺲,シュン
2576,殉,シュン
2577,儁,シュン
2578,舜,シュン
2579,閠,ジュン
2580,順,シュン
2581,問,ブン
2582,運,ウン
2583,訓,クン
2584,湓,フン
2585,糞,フン
2586,醖,ウン
2587,攈,クン
2588,郡,クン
2589,分,フン
2590,焮,キン
2591,靳,キン
2592,近,キン
2593,㒚,イン
2594,垽,ギン
2595,願,グヱン
2596,怨,ヱン
2597,販,ハン
2598,劵,クヱン
2599,万,バン
2600,飯,ハン
2601,嬔,ハン
2602,建,ケン
2603,堰,エン
2604,獻,ケン
2605,楥,クヱン
2606,健,ケン
2607,𣀔,ハン
2608,遠,ヱン
2609,𤬝,ゲン
2610,圈,クヱン
2611,卛,
2612,慁,コン
2613,頓,トン
2614,巽,ソン
2615,困,コン
2616,嫩,ドン
2617,揾,ヲン
2618,悶,モン
2619,鐏,ソン
2620,睔,コン
2621,噴,ホン
2622,鈍,トン
2623,寸,ソン
2624,坌,ホン
2625,顐,
2626,論,ロン
2627,奔,ホン
2628,惛,コン
2629,焌,ソン
2630,恨,コン
2631,艮,コン
2632,䭓,
2633,䭡,オン
2634,翰,カン
2635,炭,タン
2636,按,アン
2637,旦,タン
2638,憚,タン
2639,旰,カン
2640,岸,ガン
2641,侃,カン
2642,漢,カン
2643,爛,ラン
2644,攤,ダン
2645,粲,サン
2646,繖,サン
2647,賛,サン
2648,㜺,サン
2649,換,クヮン
2650,䂎,サン
2651,惋,ワン
2652,貫,クヮン
2653,竄,サン
2654,玩,グヮン
2655,段,タン
2656,亂,ラン
2657,鍛,タン
2658,彖,タン
2659,喚,クヮン
2660,筭,サン
2661,縵,バン
2662,半,ハン
2663,判,ハン
2664,叛,ハン
2665,偄,ダン
2666,攅,サン
2667,䥗,クヮン
2668,諫,カン
2669,鴈,ガン
2670,晏,アン
2671,訕,サン
2672,骭,カン
2673,慢,バン
2674,綰,ワン
2675,患,クヮン
2676,慣,クヮン
2677,㝈,
2678,篡,サン
2679,薍,
2680,輚,
2681,襻,ハン
2682,奻,
2683,鏟,サン
2684,㬄,
2685,襇,カン
2686,莧,カン
2687,瓣,ハン
2688,盻,
2689,幻,クヮン
2690,蔄,
2691,袒,タン
2692,扮,ハン
2693,鰥,クヮン
2694,霰,セン
2695,蒨,セン
2696,絢,クヱン
2697,縣,クヱン
2698,睊,クヱン
2699,電,テン
2700,瑱,テン
2701,練,レン
2702,見,ケン
2703,晛,ネン
2704,俔,ケン
2705,見,ケン
2706,硯,ゲン
2707,宴,エン
2708,薦,セン
2709,麫,ベン
2710,片,ヘン
2711,荐,セン
2712,䬼,ヱン
2713,殿,テン
2714,𩎌,ケン
2715,線,セン
2716,戰,セン
2717,繕,セン
2718,彥,ゲン
2719,譴,ケン
2720,絹,クヱン
2721,瑗,ヱン
2722,面,ベン
2723,釧,セン
2724,掾,ヱン
2725,𩥇,テン
2726,𤲬,ゼン
2727,箭,セン
2728,硟,セン
2729,扇,セン
2730,躽,エン
2731,眷,クヱン
2732,倦,クヱン
2733,戀,レン
2734,猭,
2735,變,ヘン
2736,𨏉,セン
2737,縓,セン
2738,卞,ヘン
2739,㳬,セン
2740,選,セン
2741,籑,セン
2742,孨,セン
2743,傳,テン
2744,賤,セン
2745,羡,
2746,騗,ヘン
2747,𢮛,セン
2748,輾,デン
2749,囀,テン
2750,衍,エン
2751,便,ヘン
2752,邅,テン
2753,𤹨,レン
2754,𥛁,
2755,剸,セン
2756,徧,ヘン
2757,嘯,セウ
2758,糶,テウ
2759,弔,テウ
2760,叫,ケウ
2761,尿,デウ
2762,藋,テウ
2763,竅,ケウ
2764,𩕐,レウ
2765,顤,ゲウ
2766,窔,エウ
2767,𢿿,
2768,𥬇,セウ
2769,照,セウ
2770,燿,エウ
2771,要,エウ
2772,召,テウ
2773,邵,セウ
2774,嶠,ケウ
2775,剽,ヘウ
2776,噍,セウ
2777,妙,ベウ
2778,陗,セウ
2779,𤊽,レウ
2780,趬,ケウ
2781,𧇠,
2782,醮,セウ
2783,廟,ベウ
2784,驃,ヘウ
2785,少,セウ
2786,朓,テウ
2787,裱,ヘウ
2788,翹,ケウ
2789,饒,ゼウ
2790,效,カウ
2791,敎,カウ
2792,孝,カウ
2793,罩,タウ
2794,豹,ハウ
2795,敲,カウ
2796,皃,バウ
2797,奅,ハウ
2798,趠,
2799,稍,サウ
2800,棹,タウ
2801,橈,ダウ
2802,抓,サウ
2803,靤,ハウ
2804,抄,サウ
2805,靿,アウ
2806,樂,ガウ
2807,巢,サウ
2808,号,カウ
2809,導,タウ
2810,到,タウ
2811,誥,カウ
2812,傲,ガウ
2813,冃,ボウ
2814,嫪,ラウ
2815,操,サウ
2816,暴,ホウ
2817,報,ホウ
2818,漕,サウ
2819,奥,アウ
2820,喿,サウ
2821,𩝝,カウ
2822,竈,サウ
2823,秏,カウ
2824,腝,ダウ
2825,箇,カ
2826,賀,カ
2827,佐,サ
2828,跢,タ
2829,邏,ラ
2830,坷,カ
2831,餓,ガ
2832,䭾,タ
2833,奈,ダ
2834,些,サ
2835,呵,カ
2836,拖,タ
2837,過,クヮ
2838,和,クヮ
2839,挫,サ
2840,課,クヮ
2841,唾,タ
2842,播,ハ
2843,剉,サ
2844,磨,バ
2845,愞,ダ
2846,破,ハ
2847,座,サ
2848,臥,グヮ
2849,諎,サ
2850,貨,クヮ
2851,惰,タ
2852,縛,ハ
2853,䇔,ラ
2854,桗,タ
2855,磋,サ
2856,䐝,サ
2857,侉,ア
2858,涴,ワ
2859,禡,バ
2860,駕,カ
2861,亞,ア
2862,嚇,カ
2863,迓,ガ
2864,詫,タ
2865,吒,タ
2866,詐,サ
2867,乍,サ
2868,謝,シャ
2869,髂,
2870,暇,カ
2871,褯,
2872,夜,ヤ
2873,䞣,シャ
2874,蝑,シャ
2875,柘,シャ
2876,唶,シャ
2877,舎,シャ
2878,射,シャ
2879,霸,ハ
2880,帊,ハ
2881,摦,クヮ
2882,化,クヮ
2883,跨,クヮ
2884,誜,
2885,𤝡,ハ
2886,䏧,ダ
2887,笪,シャ
2888,嗄,サ
2889,坬,クヮ
2890,䖳,
2891,瓦,グヮ
2892,攨,ワ
2893,漾,ヤウ
2894,亮,リャウ
2895,狀,サウ
2896,讓,ジャウ
2897,餉,シャウ
2898,帳,チャウ
2899,悵,タウ
2900,向,キャウ
2901,仗,チャウ
2902,釀,ヂャウ
2903,匠,シャウ
2904,障,シャウ
2905,尚,シャウ
2906,壯,サウ
2907,怏,ヤウ
2908,弶,キャウ
2909,唱,シャウ
2910,剏,サウ
2911,醬,シャウ
2912,𨋕,ギャウ
2913,訪,ハウ
2914,妄,バウ
2915,況,クヮウ
2916,誑,クヮウ
2917,迋,ワウ
2918,放,ハウ
2919,相,シャウ
2920,彊,キャウ
2921,唴,キャウ
2922,蹡,シャウ
2923,狂,クヰャウ
2924,防,ハウ
2925,宕,タウ
2926,浪,ラウ
2927,吭,カウ
2928,盎,アウ
2929,枊,ガウ
2930,葬,サウ
2931,傍,ハウ
2932,藏,サウ
2933,譡,タウ
2934,抗,カウ
2935,螃,ハウ
2936,儻,タウ
2937,曠,クヮウ
2938,儾,ダウ
2939,喪,サウ
2940,攩,クヮウ
2941,桄,クヮウ
2942,鋼,カウ
2943,荒,クヮウ
2944,漭,バウ
2945,汪,ワウ
2946,映,エイ
2947,敬,ケイ
2948,競,ケイ
2949,慶,ケイ
2950,更,カウ
2951,命,メイ
2952,病,ヘイ
2953,孟,バウ
2954,蝗,クヮウ
2955,柄,ヘイ
2956,詠,ヱイ
2957,行,カウ
2958,瀴,
2959,㵾,
2960,倀,タウ
2961,牚,タウ
2962,榜,ハウ
2963,鋥,タウ
2964,生,セイ
2965,迎,ゲイ
2966,膨,ハウ
2967,䛭,
2968,𥥈,
2969,諍,サウ
2970,迸,ハウ
2971,𠊧,
2972,䙬,アウ
2973,鞕,ガウ
2974,轟,クヮウ
2975,勁,ケイ
2976,倩,セイ
2977,政,セイ
2978,聖,セイ
2979,鄭,テイ
2980,遉,テイ
2981,性,セイ
2982,令,レイ
2983,聘,ヘイ
2984,敻,ケイ
2985,摒,ヘイ
2986,偋,
2987,淨,セイ
2988,盛,セイ
2989,詺,メイ
2990,輕,ケイ
2991,𣢝,
2992,精,セイ
2993,徑,ケイ
2994,寗,ネイ
2995,腥,セイ
2996,脛,ケイ
2997,定,テイ
2998,矴,テイ
2999,罄,ケイ
3000,聽,テイ
3001,靘,セイ
3002,䒌,メイ
3003,鎣,ヱイ
3004,零,レイ
3005,證,ショウ
3006,孕,ヨウ
3007,乗,ショウ
3008,認,ジョウ
3009,應,ヨウ
3010,甑,ショウ
3011,興,キョウ
3012,勝,ショウ
3013,瞪,チョウ
3014,𩜁,キョウ
3015,凭,ヒョウ
3016,稱,ショウ
3017,凝,ギョウ
3018,丞,ショウ
3019,覴,
3020,殑,
3021,嶝,トウ
3022,贈,ソウ
3023,亘,コウ
3024,蹭,ソウ
3025,鄧,トウ
3026,𢅴,ボウ
3027,𥦜,ホウ
3028,倗,ホウ
3029,踜,ロウ
3030,增,ソウ
3031,𡬙,ソウ
3032,𤃶,
3033,宥,イウ
3034,救,キウ
3035,胄,チウ
3036,晝,チウ
3037,狩,シウ
3038,臭,シウ
3039,岫,シウ
3040,齅,キウ
3041,呪,シウ
3042,舊,キウ
3043,𤸃,
3044,皺,スウ
3045,副,フウ
3046,簉,シウ
3047,富,フウ
3048,畜,チウ
3049,溜,リウ
3050,秀,シウ
3051,僦,シウ
3052,驟,シウ
3053,就,シウ
3054,糅,ヂウ
3055,復,ホウ
3056,狖,イウ
3057,授,シウ
3058,輮,ジウ
3059,莓,ボウ
3060,𪖐,ギウ
3061,𪖛,キウ
3062,䞭,シウ
3063,𠋫,コウ
3064,𡨥,コウ
3065,茂,ボウ
3066,仆,ホウ
3067,豆,トウ
3068,鬥,トウ
3069,搙,
3070,瘶,ソウ
3071,奏,ソウ
3072,透,トウ
3073,漚,オウ
3074,遘,コウ
3075,輳,ソウ
3076,陋,ロウ
3077,蔻,コウ
3078,䏽,ホウ
3079,偶,ゴウ
3080,㔌,
3081,幼,イウ
3082,謬,ビウ
3083,䠗,
3084,𧾻,キウ
3085,沁,シム
3086,浸,シム
3087,妊,ジム
3088,鴆,チム
3089,枕,シム
3090,𦧈,キム
3091,禁,キム
3092,賃,ヂム
3093,蔭,イム
3094,滲,シム
3095,闖,チム
3096,譖,シム
3097,讖,シム
3098,吟,ギム
3099,揕,チム
3100,臨,リム
3101,甚,シム
3102,䫴,
3103,深,シム
3104,勘,カム
3105,紺,カム
3106,憾,カム
3107,暗,アム
3108,僋,タム
3109,俕,サム
3110,謲,サム
3111,醰,タム
3112,儑,ガム
3113,馾,タム
3114,妠,ダム
3115,顲,ラム
3116,䫲,
3117,篸,サム
3118,闞,カム
3119,濫,ラム
3120,賧,
3121,𪉦,カム
3122,𧵊,カム
3123,憨,かむ
3124,憺,タム
3125,暫,サム
3126,擔,タム
3127,三,サム
3128,豔,エム
3129,贍,セム
3130,染,ゼム
3131,厭,エム
3132,窆,ヘム
3133,驗,ゲム
3134,閃,セム
3135,𡄑,セム
3136,壍,セム
3137,殮,レム
3138,覘,テム
3139,䠨,
3140,𢜰,エム
3141,潛,セム
3142,占,セム
3143,㮇,テム
3144,念,デム
3145,店,テム
3146,䃸,
3147,磹,テム
3148,趝,ケム
3149,酓,エム
3150,僭,セム
3151,䁮,
3152,兼,ケム
3153,傔,ケム
3154,稴,
3155,釅,ゲム
3156,脅,
3157,㪁,ケム
3158,𦲯,
3159,陷,カム
3160,韽,
3161,蘸,サム
3162,𪉜,
3163,歉,
3164,𧸖,タム
3165,儳,サム
3166,𪉦,カム
3167,諵,ダム
3168,顑,
3169,鑑,カム
3170,懺,サム
3171,覱,
3172,釤,サム
3173,㒈,
3174,埿,
3175,㽉,カム
3176,鑱,サム
3177,𪒠,ヱム
3178,梵,ハム
3179,汎,ハム
3180,劔,ケム
3181,欠,ケム
3182,俺,エム
3183,屋,ヲク
3184,獨,トク
3185,穀,コク
3186,縠,コク
3187,哭,コク
3188,秃,
3189,𣫔,
3190,速,ソク
3191,禄,ロク
3192,嗀,
3193,族,ソク
3194,瘯,
3195,鏃,ソク
3196,暴,ホク
3197,扑,ホク
3198,卜,ホク
3199,木,ボク
3200,福,フク
3201,伏,フク
3202,縮,シュク
3203,六,リク
3204,逐,チク
3205,菊,キク
3206,麴,キク
3207,熟,シュク
3208,俶,シュク
3209,育,イク
3210,驧,
3211,鼀,
3212,肉,ジク
3213,粥,シュク
3214,叔,シュク
3215,蓄,チク
3216,竹,チク
3217,蹙,シュク
3218,珿,
3219,肭,
3220,縬,シュク
3221,蝮,フク
3222,郁,イク
3223,肅,シュク
3224,目,ボク
3225,囿,
3226,蓄,チク
3227,砡,ギク
3228,𣤶,
3229,沃,ヨク
3230,毒,トク
3231,篤,トク
3232,酷,コク
3233,鵠,コク
3234,僕,ホク
3235,洬,
3236,梏,コク
3237,瑁,
3238,熇,コク
3239,褥,ジョク
3240,傶,
3241,襮,
3242,濼,ラク
3243,𤛹,
3244,燭,ショク
3245,玉,ギョク
3246,旭,キョク
3247,輂,
3248,局,キョク
3249,蜀,ショク
3250,觸,ショク
3251,辱,ジョク
3252,束,ショク
3253,欲,ヨク
3254,躅,チョク
3255,録,リョク
3256,曲,キョク
3257,瘃,チョク
3258,足,ショク
3259,贖,ショク
3260,幞,ホク
3261,促,ショク
3262,續,ショク
3263,粟,ショク
3264,䪁,
3265,梀,
3266,覺,カク
3267,嶽,ガク
3268,浞,サク
3269,捉,サク
3270,朔,サク
3271,斲,タク
3272,剥,ハク
3273,邈,バク
3274,雹,ハク
3275,璞,ハク
3276,㱿,カク
3277,濁,タク
3278,渥,アク
3279,搦,ダク
3280,逴,タク
3281,犖,ラク
3282,學,カク
3283,㕰,
3284,娖,
3285,質,シツ
3286,日,ジツ
3287,實,シツ
3288,秩,チツ
3289,悉,シツ
3290,一,イツ
3291,七,シツ
3292,匹,ヒツ
3293,吉,キツ
3294,暱,ヂツ
3295,逸,イツ
3296,詰,キツ
3297,欯,キツ
3298,抶,チツ
3299,栗,リツ
3300,窒,チツ
3301,疾,シツ
3302,㓼,
3303,失,シツ
3304,堲,シツ
3305,蜜,ビツ
3306,必,ヒツ
3307,姞,キツ
3308,邲,
3309,䫻,
3310,率,シュツ
3311,叱,シツ
3312,𪗨,
3313,密,ビツ
3314,弼,ヒツ
3315,乙,イツ
3316,耴,
3317,筆,ヒツ
3318,茁,
3319,肸,キツ
3320,曁,
3321,蛭,チツ
3322,獝,クヰツ
3323,術,シュツ
3324,橘,クヰツ
3325,崒,シュツ
3326,聿,ヰツ
3327,卒,シュツ
3328,卹,シュツ
3329,律,リツ
3330,黜,チュツ
3331,㤕,
3332,术,
3333,出,シュツ
3334,焌,シュツ
3335,𠭴,
3336,䎉,
3337,櫛,シツ
3338,瑟,シツ
3339,𪗨,
3340,物,ブツ
3341,弗,フツ
3342,鬱,ウツ
3343,𠀔,
3344,屈,クツ
3345,倔,クツ
3346,佛,フツ
3347,䬍,
3348,䬑,
3349,拂,フツ
3350,崛,クツ
3351,迄,キツ
3352,訖,キツ
3353,疙,
3354,䞘,
3355,乞,キツ
3356,月,グヱツ
3357,伐,ハツ
3358,越,ヱツ
3359,厥,クヱツ
3360,𡡕,
3361,𧤼,
3362,闕,クヱツ
3363,髮,ハツ
3364,韤,バツ
3365,䬂,
3366,謁,エツ
3367,歇,ケツ
3368,訐,ケツ
3369,𢷒,
3370,怖,
3371,钀,
3372,没,ボツ
3373,𣅝,
3374,骨,コツ
3375,勃,ホツ
3376,咄,トツ
3377,宊,
3378,突,トツ
3379,𩑦,
3380,忽,コツ
3381,兀,ゴツ
3382,䪬,
3383,𢂤,
3384,窟,クツ
3385,訥,ドツ
3386,窣,ソツ
3387,猝,ソツ
3388,捽,ソツ
3389,麧,
3390,搰,コツ
3391,卒,ソツ
3392,曷,カツ
3393,䫘,
3394,怛,タツ
3395,闥,タツ
3396,遏,アツ
3397,剌,ラツ
3398,渴,カツ
3399,達,タツ
3400,巀,
3401,嶭,
3402,葛,カツ
3403,躠,
3404,攃,
3405,捺,ダツ
3406,䔾,バツ
3407,末,バツ
3408,枂,
3409,柮,
3410,撥,ハツ
3411,䰖,
3412,括,クヮツ
3413,闊,クヮツ
3414,活,クヮツ
3415,奪,タツ
3416,豁,クヮツ
3417,斡,ワツ
3418,繓,
3419,鏺,ハツ
3420,侻,
3421,捋,ラツ
3422,掇,タツ
3423,撮,サツ
3424,跋,ハツ
3425,黠,カツ
3426,札,サツ
3427,拔,ハツ
3428,𤫶,
3429,滑,クヮツ
3430,八,ハツ
3431,窡,
3432,婠,
3433,豽,
3434,𪙻,
3435,劀,
3436,戛,カツ
3437,軋,アツ
3438,殺,サツ
3439,㑻,
3440,傄,
3441,痆,ダツ
3442,𦤙,
3443,䯇,
3444,汃,
3445,茁,サツ
3446,鎋,カツ
3447,𪆰,
3448,齾,
3449,刹,サツ
3450,𥴭,
3451,瞎,カツ
3452,獺,タツ
3453,刮,クヮツ
3454,頢,
3455,䫄,
3456,鵽,
3457,刷,サツ
3458,刖,グヱツ
3459,䵵,
3460,𥗥,
3461,妠,
3462,捌,ハツ
3463,𪈟,
3464,𨰉,
3465,哳,タツ
3466,𩭿,
3467,屑,セツ
3468,切,セツ
3469,結,ケツ
3470,節,セツ
3471,血,クヱツ
3472,闋,クヱツ
3473,玦,クヱツ
3474,穴,クヱツ
3475,抉,クヱツ
3476,姪,テツ
3477,鐵,テツ
3478,纈,テツ
3479,涅,デツ
3480,𢧵,
3481,齧,ゲツ
3482,蔑,ベツ
3483,㢼,
3484,噎,エツ
3485,猰,
3486,𡘐,
3487,撆,ヘツ
3488,蹩,ヘツ
3489,窒,テツ
3490,𥸸,
3491,薛,セツ
3492,列,レツ
3493,哲,テツ
3494,傑,ケツ
3495,熱,ゼツ
3496,晢,セツ
3497,舌,セツ
3498,折,セツ
3499,孼,
3500,滅,ベツ
3501,朅,ケツ
3502,鷩,ヘツ
3503,絕,セツ
3504,蕝,
3505,雪,セツ
3506,𤿫,
3507,悅,エツ
3508,缺,クヱツ
3509,噦,
3510,爇,ゼツ
3511,說,セツ
3512,拙,セツ
3513,歠,セツ
3514,輟,テツ
3515,劣,レツ
3516,瞥,ヘツ
3517,别,
3518,轍,テツ
3519,䇷,
3520,㕞,セツ
3521,孑,ケツ
3522,設,セツ
3523,呐,セツ
3524,𥄎,
3525,妜,
3526,蹶,クヱツ
3527,茁,セツ
3528,膬,
3529,蠽,
3530,摋,
3531,焆,ヱツ
3532,屮,テツ
3533,娎,
3534,啜,セツ
3535,㔍,
3536,㿱,
3537,掣,セツ
3538,抴,
3539,𨵊,
3540,藥,ヤク
3541,略,リャク
3542,腳,キャク
3543,灼,シャク
3544,爍,シャク
3545,若,ジャク
3546,綽,シャク
3547,約,ヤク
3548,卻,キャク
3549,虐,ギャク
3550,妁,シャク
3551,㲋,
3552,削,シャク
3553,斮,シャク
3554,爵,シャク
3555,皭,シャク
3556,鵲,シャク
3557,噱,キャク
3558,嬳,
3559,縛,ハク
3560,䂄,
3561,籰,ワク
3562,玃,クヰャク
3563,芍,シャク
3564,著,チャク
3565,躩,クヮク
3566,戄,クヰャク
3567,逽,
3568,𩅿,
3569,謔,キャク
3570,鐸,タク
3571,莫,バク
3572,落,ラク
3573,託,タク
3574,作,サク
3575,錯,サク
3576,各,カク
3577,恪,カク
3578,咢,ガク
3579,𩔈,
3580,惡,アク
3581,泊,ハク
3582,𦞦,
3583,索,サク
3584,涸,カク
3585,昨,サク
3586,博,ハク
3587,諾,ダク
3588,霍,クヮク
3589,郭,クヮク
3590,雘,ワク
3591,穫,クヮク
3592,廓,クヮク
3593,瓁,
3594,硦,
3595,㘀,
3596,陌,バク
3597,磔,タク
3598,白,ハク
3599,伯,ハク
3600,劇,ケキ
3601,戟,ケキ
3602,𡩡,
3603,柵,セキ
3604,嚄,クヮク
3605,嘖,サク
3606,齚,サク
3607,隙,ケキ
3608,額,ガク
3609,逆,ゲキ
3610,客,カク
3611,啞,アク
3612,虩,ケキ
3613,𡍩,タク
3614,䪝,クヮク
3615,拍,ハク
3616,赫,カク
3617,垎,
3618,格,カク
3619,謋,クヮク
3620,宅,タク
3621,虢,クヮク
3622,擭,クヮク
3623,蹃,
3624,𧍕,
3625,欂,ハク
3626,麥,バク
3627,獲,クヮク
3628,蟈,
3629,檗,ハク
3630,䌟,
3631,賾,サク
3632,責,サク
3633,䞰,
3634,策,サク
3635,礊,
3636,剨,
3637,覈,カク
3638,隔,カク
3639,摘,タク
3640,戹,アク
3641,栜,
3642,𢶉,
3643,虉,
3644,礐,カク
3645,㩇,
3646,𢷾,
3647,𧾛,
3648,疒,ダク
3649,昔,セキ
3650,積,セキ
3651,益,エキ
3652,繹,エキ
3653,釋,セキ
3654,尺,セキ
3655,石,セキ
3656,隻,セキ
3657,擲,テキ
3658,皵,
3659,席,セキ
3660,籍,セキ
3661,擗,ヘキ
3662,役,エキ
3663,瞁,
3664,辟,ヘキ
3665,僻,ヘキ
3666,麝,セキ
3667,碧,ヘキ
3668,𪐏,
3669,彳,テキ
3670,𦳮,
3671,𥄎,
3672,錫,セキ
3673,激,ケキ
3674,霹,ヘキ
3675,靂,レキ
3676,的,テキ
3677,檄,ケキ
3678,鷁,ゲキ
3679,荻,テキ
3680,逖,テキ
3681,績,セキ
3682,燩,
3683,惄,デキ
3684,寂,セキ
3685,覓,ベキ
3686,甓,ヘキ
3687,壁,ヘキ
3688,闃,クヱキ
3689,郹,
3690,戚,セキ
3691,赥,
3692,𥍟,
3693,𣤩,
3694,職,ショク
3695,直,チョク
3696,力,リョク
3697,敕,チョク
3698,陟,チョク
3699,食,ショク
3700,息,ショク
3701,寔,ショク
3702,識,ショク
3703,赩,キョク
3704,崱,ショク
3705,極,キョク
3706,匿,ヂョク
3707,測,ショク
3708,憶,オク
3709,色,ショク
3710,䩯,
3711,殛,キョク
3712,弋,ヨク
3713,即,ショク
3714,逼,ヒョク
3715,域,ヰキ
3716,洫,キョク
3717,堛,
3718,稄,
3719,愎,ヒョク
3720,嶷,ギョク
3721,堲,ショク
3722,𡮞,チョク
3723,䁇,
3724,瀷,
3725,德,トク
3726,則,ソク
3727,勒,ロク
3728,忒,トク
3729,刻,コク
3730,特,トク
3731,黑,コク
3732,墨,ボク
3733,賊,ソク
3734,塞,ソク
3735,北,ホク
3736,菔,ホク
3737,或,コク
3738,國,コク
3739,餩,
3740,劾,
3741,䘅,
3742,裓,コク
3743,墄,
3744,覆,フク
3745,𢃤,
3746,緝,シフ
3747,十,シフ
3748,執,シフ
3749,習,シフ
3750,集,シフ
3751,入,ジフ
3752,揖,イフ
3753,溼,シフ
3754,㗱,
3755,及,キフ
3756,蟄,チフ
3757,縶,チフ
3758,立,リフ
3759,急,キフ
3760,岌,ギフ
3761,泣,キフ
3762,𩎕,
3763,歰,
3764,吸,キフ
3765,戢,シフ
3766,邑,イフ
3767,湁,
3768,煜,イフ
3769,熠,イフ
3770,孨,ジフ
3771,霵,
3772,𩾳,
3773,鵖,
3774,㞚,
3775,斟,
3776,合,カフ
3777,閤,カフ
3778,答,タフ
3779,趿,
3780,沓,タフ
3781,錔,
3782,雜,サフ
3783,帀,サフ
3784,拉,ラフ
3785,納,ダフ
3786,溘,カフ
3787,姶,カフ
3788,欱,
3789,㬎,
3790,䟃,
3791,遪,
3792,唈,カフ
3793,盍,カフ
3794,臘,ラフ
3795,㿴,
3796,榻,タフ
3797,𣣹,
3798,魶,ダフ
3799,蹋,タフ
3800,𠎷,
3801,儑,
3802,䪞,
3803,䫦,
3804,榼,カフ
3805,鰪,アフ
3806,囃,サフ
3807,砝,
3808,譫,タフ
3809,葉,エフ
3810,接,セフ
3811,攝,セフ
3812,涉,セフ
3813,獵,レフ
3814,捷,セフ
3815,䐑,
3816,𢽱,
3817,聶,デフ
3818,謵,
3819,讘,
3820,讋,セフ
3821,妾,セフ
3822,锸,
3823,衱,ケフ
3824,輒,テフ
3825,曄,エフ
3826,𤷾,
3827,萐,セフ
3828,𦀖,
3829,魘,
3830,怗,テフ
3831,協,ケフ
3832,頰,ケフ
3833,愜,ケフ
3834,牒,テフ
3835,苶,
3836,燮,セフ
3837,㼲,
3838,聑,
3839,䕹,
3840,浹,セフ
3841,弽,セフ
3842,䢡,セフ
3843,洽,カフ
3844,恰,カフ
3845,𥯦,
3846,夾,カフ
3847,眨,
3848,插,サフ
3849,㘝,
3850,䶎,
3851,霎,サフ
3852,劄,タフ
3853,𨂁,
3854,䀴,
3855,𥃐,
3856,狎,カフ
3857,𠗨,
3858,鴨,アフ
3859,甲,カフ
3860,翣,サフ
3861,呷,カフ
3862,業,ゲフ
3863,脅,ケフ
3864,怯,ケフ
3865,劫,ケフ
3866,腌,
3867,殜,
3868,跲,ケフ
3869,乏,ハフ
3870,法,ハフ
3871,𥎰,
3872,猲,ケフ
3873,䎎,
3874,𦑣,